RMSE,MAE,R2
3.7114442163022945,2.617011135723248,0.9301041733912487
