{
    "RMSE": 3.7114442163022945,
    "MAE": 2.617011135723248,
    "R2": 0.9301041733912487
}