{
    "RMSE": 3.3102290630340576,
    "MAE": 2.3000547885894775,
    "R2": 0.9443991184234619
}