{
    "RMSE": 1.6596168988308746,
    "MAE": 1.8014215230941772,
    "R2": 0.9577100276947021
}