{
    "RMSE": 2.7543282508850098,
    "MAE": 1.8014215230941772,
    "R2": 0.9577100276947021
}