RMSE,MAE,R2
2.7543282508850098,1.8014215230941772,0.9577100276947021
