RMSE,MAE,R2
1.6596168988308746,1.8014215230941772,0.9577100276947021
