RMSE,MAE,R2
4.593171517139715,3.080664626773369,0.8929490078705029
