{
    "RMSE": 4.593171517139715,
    "MAE": 3.080664626773369,
    "R2": 0.8929490078705029
}