RMSE,MAE,R2
3.3102290630340576,2.3000547885894775,0.9443991184234619
