Model,RMSE,RMSE_std,MAE,MAE_std,R²,R²_std
LinearRegression,7.869547252441284,10.556159190773101,4.464555687986451,4.276076664321611,-0.42548471815216243,2.5439182215599123
RandomForest,6.366308691002109,2.4276776658574404,5.26947619047619,1.8508482641891937,0.44987230491700014,0.1908810004751064
XGBoost,7.83578163189794,1.8831534108666057,6.472270536422729,1.9157842177775657,0.02615457773208618,0.48553863484306947
